message_id,cust_id,channel,is_success,grass_date
1,1000741,短信,Y,2025/11/20
2,1000533,短信,Y,2025/11/20
3,1000176,电话,Y,2025/11/20
4,1002129,电话,Y,2025/11/20
5,1002084,短信,Y,2025/11/20
6,1001748,短信,Y,2025/11/20
7,1001620,电话,Y,2025/11/20
8,1001046,短信,Y,2025/11/20
9,1002842,短信,N,2025/11/20
10,1000528,短信,Y,2025/11/20
11,1000378,电话,Y,2025/11/20
12,1002873,短信,Y,2025/11/20
13,1001756,电话,Y,2025/11/20
14,1001669,短信,Y,2025/11/20
15,1002440,电话,Y,2025/11/20
16,1000570,短信,Y,2025/11/20
17,1001410,电话,Y,2025/11/20
18,1000088,电话,Y,2025/11/20
19,1001784,电话,Y,2025/11/20
20,1001503,短信,Y,2025/11/20
21,1002117,电话,Y,2025/11/20
22,1002547,短信,Y,2025/11/20
23,1000478,电话,Y,2025/11/20
24,1001510,短信,Y,2025/11/20
25,1002953,电话,Y,2025/11/20
26,1001384,电话,Y,2025/11/20
27,1000190,电话,Y,2025/11/20
28,1001403,电话,Y,2025/11/20
29,1002583,短信,Y,2025/11/20
30,1000347,短信,Y,2025/11/20
31,1000107,电话,Y,2025/11/20
32,1000074,电话,Y,2025/11/20
33,1002017,短信,Y,2025/11/20
34,1001779,短信,Y,2025/11/20
35,1002773,电话,Y,2025/11/20
36,1002849,短信,Y,2025/11/20
37,1001373,电话,Y,2025/11/20
38,1001379,短信,Y,2025/11/20
39,1002196,电话,Y,2025/11/20
40,1001316,电话,Y,2025/11/20
41,1000540,短信,Y,2025/11/20
42,1000497,短信,Y,2025/11/20
43,1001383,电话,N,2025/11/20
44,1001195,短信,Y,2025/11/20
45,1000974,短信,Y,2025/11/20
46,1000173,电话,Y,2025/11/20
47,1001264,电话,Y,2025/11/20
48,1001714,短信,Y,2025/11/20
49,1002248,短信,Y,2025/11/20
50,1002544,电话,Y,2025/11/20
51,1000315,短信,Y,2025/11/20
52,1002128,短信,Y,2025/11/20
53,1002621,电话,Y,2025/11/20
54,1000150,电话,Y,2025/11/20
55,1001161,电话,Y,2025/11/20
56,1001868,短信,Y,2025/11/21
57,1001165,短信,Y,2025/11/21
58,1001663,电话,Y,2025/11/21
59,1001064,电话,Y,2025/11/21
60,1002730,电话,N,2025/11/21
61,1000763,电话,Y,2025/11/21
62,1000696,电话,Y,2025/11/21
63,1002795,电话,Y,2025/11/21
64,1002397,电话,Y,2025/11/21
65,1002740,电话,Y,2025/11/21
66,1000229,短信,Y,2025/11/21
67,1002468,电话,Y,2025/11/21
68,1000272,短信,Y,2025/11/21
69,1000947,电话,N,2025/11/21
70,1002939,短信,Y,2025/11/21
71,1000665,短信,Y,2025/11/21
72,1002259,电话,Y,2025/11/21
73,1002741,电话,Y,2025/11/21
74,1000498,电话,Y,2025/11/21
75,1001567,电话,Y,2025/11/21
76,1002373,电话,Y,2025/11/21
77,1000129,电话,Y,2025/11/21
78,1000874,电话,N,2025/11/21
79,1001632,短信,Y,2025/11/21
80,1000796,电话,Y,2025/11/21
81,1001053,短信,Y,2025/11/21
82,1002958,短信,N,2025/11/21
83,1000375,电话,Y,2025/11/21
84,1001624,电话,Y,2025/11/21
85,1001934,电话,Y,2025/11/21
86,1001461,电话,Y,2025/11/21
87,1002843,短信,Y,2025/11/21
88,1002181,电话,Y,2025/11/21
89,1001662,短信,Y,2025/11/21
90,1002797,电话,Y,2025/11/21
91,1001467,电话,N,2025/11/21
92,1001601,电话,Y,2025/11/21
93,1000082,短信,Y,2025/11/21
94,1001969,电话,Y,2025/11/21
95,1000538,短信,Y,2025/11/21
96,1002668,电话,Y,2025/11/21
97,1001594,短信,Y,2025/11/21
98,1001619,电话,Y,2025/11/21
99,1000043,短信,Y,2025/11/21
100,1000720,电话,Y,2025/11/21
101,1001923,短信,Y,2025/11/21
102,1001736,短信,Y,2025/11/21
103,1001201,电话,Y,2025/11/21
104,1001759,电话,Y,2025/11/21
105,1000460,短信,Y,2025/11/21
106,1000156,短信,Y,2025/11/21
107,1000062,电话,Y,2025/11/21
108,1000907,短信,Y,2025/11/21
109,1001107,电话,Y,2025/11/22
110,1000605,短信,Y,2025/11/22
111,1002657,短信,Y,2025/11/22
112,1002064,短信,N,2025/11/22
113,1002276,电话,Y,2025/11/22
114,1000007,短信,N,2025/11/22
115,1001366,电话,Y,2025/11/22
116,1002371,电话,Y,2025/11/22
117,1000902,电话,Y,2025/11/22
118,1001435,短信,N,2025/11/22
119,1000579,电话,Y,2025/11/22
120,1002463,短信,Y,2025/11/22
121,1001379,短信,Y,2025/11/22
122,1002625,短信,Y,2025/11/22
123,1002372,短信,Y,2025/11/22
124,1000604,电话,Y,2025/11/22
125,1001333,短信,Y,2025/11/22
126,1002368,短信,N,2025/11/22
127,1000345,短信,Y,2025/11/22
128,1001511,电话,Y,2025/11/22
129,1002501,电话,Y,2025/11/22
130,1001977,电话,N,2025/11/22
131,1001205,电话,Y,2025/11/22
132,1001472,短信,Y,2025/11/22
133,1002006,电话,Y,2025/11/22
134,1001155,短信,Y,2025/11/22
135,1000854,电话,N,2025/11/22
136,1001883,短信,Y,2025/11/22
137,1000826,电话,Y,2025/11/22
138,1001800,短信,Y,2025/11/22
139,1001340,电话,N,2025/11/22
140,1002633,短信,Y,2025/11/22
141,1002250,短信,Y,2025/11/22
142,1001546,电话,Y,2025/11/22
143,1000327,电话,Y,2025/11/22
144,1002901,电话,Y,2025/11/22
145,1001958,电话,Y,2025/11/22
146,1000952,短信,Y,2025/11/22
147,1002148,短信,Y,2025/11/22
148,1002147,短信,Y,2025/11/23
149,1001044,短信,Y,2025/11/23
150,1002047,电话,Y,2025/11/23
151,1000428,电话,Y,2025/11/23
152,1000873,电话,Y,2025/11/23
153,1002781,电话,N,2025/11/23
154,1002099,电话,Y,2025/11/23
155,1001836,电话,Y,2025/11/23
156,1001461,短信,Y,2025/11/23
157,1001589,电话,Y,2025/11/23
158,1000767,电话,Y,2025/11/23
159,1002273,短信,Y,2025/11/23
160,1002256,短信,Y,2025/11/23
161,1001059,电话,N,2025/11/23
162,1001392,电话,Y,2025/11/23
163,1001513,短信,Y,2025/11/23
164,1000914,电话,Y,2025/11/23
165,1000717,短信,Y,2025/11/23
166,1002802,电话,Y,2025/11/23
167,1002964,短信,Y,2025/11/23
168,1002473,电话,Y,2025/11/23
169,1002742,短信,Y,2025/11/23
170,1000625,电话,Y,2025/11/23
171,1002869,短信,Y,2025/11/23
172,1001249,短信,Y,2025/11/23
173,1002787,电话,Y,2025/11/23
174,1002606,电话,Y,2025/11/23
175,1000093,电话,Y,2025/11/23
176,1002700,电话,Y,2025/11/23
177,1002174,短信,N,2025/11/23
178,1001072,电话,Y,2025/11/23
179,1000904,电话,Y,2025/11/23
180,1001165,短信,Y,2025/11/24
181,1000528,短信,Y,2025/11/24
182,1002226,电话,Y,2025/11/24
183,1000907,短信,Y,2025/11/24
184,1001310,短信,Y,2025/11/24
185,1000660,电话,Y,2025/11/24
186,1000879,短信,Y,2025/11/24
187,1001367,电话,Y,2025/11/24
188,1001776,短信,Y,2025/11/24
189,1000827,电话,Y,2025/11/24
190,1001750,短信,Y,2025/11/24
191,1000515,电话,Y,2025/11/24
192,1000240,短信,Y,2025/11/24
193,1000284,短信,Y,2025/11/24
194,1002768,电话,N,2025/11/24
195,1002204,短信,Y,2025/11/24
196,1001111,短信,Y,2025/11/24
197,1001537,电话,Y,2025/11/24
198,1000730,电话,Y,2025/11/24
199,1002439,短信,N,2025/11/24
200,1000244,短信,Y,2025/11/24
201,1002890,短信,Y,2025/11/24
202,1002492,电话,Y,2025/11/24
203,1002050,短信,N,2025/11/24
204,1002897,短信,Y,2025/11/24
205,1000090,短信,Y,2025/11/24
206,1001396,短信,N,2025/11/24
207,1000565,电话,N,2025/11/24
208,1001369,电话,Y,2025/11/24
209,1002962,电话,Y,2025/11/24
210,1000207,电话,Y,2025/11/24
211,1000666,短信,Y,2025/11/24
212,1000536,电话,Y,2025/11/24
213,1001738,电话,Y,2025/11/24
214,1001451,电话,Y,2025/11/24
215,1002142,电话,Y,2025/11/24
216,1001467,短信,Y,2025/11/24
217,1000325,电话,Y,2025/11/25
218,1001860,短信,Y,2025/11/25
219,1000998,短信,Y,2025/11/25
220,1001251,电话,Y,2025/11/25
221,1002358,短信,Y,2025/11/25
222,1000788,短信,Y,2025/11/25
223,1002768,电话,Y,2025/11/25
224,1001946,短信,Y,2025/11/25
225,1002300,电话,Y,2025/11/25
226,1001926,电话,Y,2025/11/25
227,1000811,短信,Y,2025/11/25
228,1001770,电话,Y,2025/11/25
229,1001714,短信,Y,2025/11/25
230,1000597,电话,N,2025/11/25
231,1000178,电话,Y,2025/11/25
232,1000241,短信,Y,2025/11/25
233,1002596,电话,Y,2025/11/25
234,1000666,电话,N,2025/11/25
235,1001352,短信,Y,2025/11/25
236,1001466,电话,Y,2025/11/25
237,1000836,短信,Y,2025/11/25
238,1000560,短信,Y,2025/11/25
239,1000842,电话,Y,2025/11/25
240,1001911,短信,Y,2025/11/25
241,1000306,短信,Y,2025/11/25
242,1001330,短信,Y,2025/11/25
243,1002880,电话,Y,2025/11/25
244,1002181,电话,Y,2025/11/25
245,1001139,短信,Y,2025/11/25
246,1000191,短信,Y,2025/11/25
247,1002339,短信,N,2025/11/25
248,1001979,短信,N,2025/11/25
249,1002801,电话,Y,2025/11/25
250,1000040,短信,Y,2025/11/25
251,1002089,短信,Y,2025/11/25
252,1001686,短信,N,2025/11/26
253,1000817,电话,Y,2025/11/26
254,1002664,短信,Y,2025/11/26
255,1002142,短信,Y,2025/11/26
256,1002345,短信,Y,2025/11/26
257,1002081,电话,Y,2025/11/26
258,1002437,短信,Y,2025/11/26
259,1001425,短信,Y,2025/11/26
260,1002134,短信,Y,2025/11/26
261,1002913,短信,N,2025/11/26
262,1000654,电话,Y,2025/11/26
263,1002254,电话,Y,2025/11/26
264,1000400,短信,Y,2025/11/26
265,1000448,短信,Y,2025/11/26
266,1000503,短信,N,2025/11/26
267,1002665,短信,Y,2025/11/26
268,1001434,短信,Y,2025/11/26
269,1000972,短信,Y,2025/11/26
270,1002746,短信,Y,2025/11/26
271,1002874,电话,Y,2025/11/26
272,1001279,短信,N,2025/11/26
273,1000855,电话,Y,2025/11/26
274,1000820,电话,N,2025/11/26
275,1001753,短信,Y,2025/11/26
276,1001040,电话,Y,2025/11/26
277,1002447,电话,Y,2025/11/26
278,1000228,电话,Y,2025/11/26
279,1002156,电话,N,2025/11/26
280,1000244,短信,Y,2025/11/26
281,1000255,短信,Y,2025/11/26
282,1002605,电话,Y,2025/11/27
283,1000710,短信,Y,2025/11/27
284,1002038,短信,N,2025/11/27
285,1001997,电话,Y,2025/11/27
286,1001651,短信,Y,2025/11/27
287,1002288,电话,Y,2025/11/27
288,1000283,短信,Y,2025/11/27
289,1000359,短信,Y,2025/11/27
290,1001835,短信,Y,2025/11/27
291,1002282,电话,Y,2025/11/27
292,1001201,电话,Y,2025/11/27
293,1001509,短信,Y,2025/11/27
294,1001941,短信,Y,2025/11/27
295,1001048,电话,Y,2025/11/27
296,1002812,电话,Y,2025/11/27
297,1002326,短信,Y,2025/11/27
298,1001110,短信,Y,2025/11/27
299,1002566,电话,Y,2025/11/27
300,1002163,电话,Y,2025/11/27
301,1002407,电话,Y,2025/11/27
302,1001544,短信,Y,2025/11/27
303,1001250,短信,Y,2025/11/27
304,1001635,短信,Y,2025/11/27
305,1000811,电话,Y,2025/11/27
306,1002319,电话,Y,2025/11/27
307,1001078,电话,N,2025/11/27
308,1001570,短信,Y,2025/11/27
309,1001658,电话,Y,2025/11/27
310,1001988,短信,N,2025/11/27
311,1002769,短信,Y,2025/11/27
312,1002085,短信,Y,2025/11/27
313,1002880,短信,Y,2025/11/27
314,1000636,电话,Y,2025/11/27
315,1001268,电话,Y,2025/11/27
316,1000579,电话,Y,2025/11/27
317,1000998,短信,Y,2025/11/27
318,1002517,电话,Y,2025/11/27
319,1002430,短信,Y,2025/11/27
320,1000096,电话,N,2025/11/27
321,1001137,电话,Y,2025/11/27
322,1000207,电话,Y,2025/11/27
323,1002760,电话,Y,2025/11/28
324,1000850,短信,N,2025/11/28
325,1002182,电话,Y,2025/11/28
326,1002899,短信,Y,2025/11/28
327,1002708,电话,Y,2025/11/28
328,1002888,短信,Y,2025/11/28
329,1001274,电话,Y,2025/11/28
330,1002958,短信,Y,2025/11/28
331,1000033,短信,N,2025/11/28
332,1000126,电话,Y,2025/11/28
333,1000374,短信,Y,2025/11/28
334,1001604,电话,Y,2025/11/28
335,1001047,短信,Y,2025/11/28
336,1000720,电话,Y,2025/11/28
337,1002398,短信,Y,2025/11/28
338,1002960,电话,Y,2025/11/28
339,1002092,短信,Y,2025/11/28
340,1002531,电话,Y,2025/11/28
341,1002663,短信,Y,2025/11/28
342,1002769,短信,Y,2025/11/28
343,1000551,电话,Y,2025/11/28
344,1002000,短信,Y,2025/11/28
345,1001731,电话,Y,2025/11/28
346,1002012,电话,Y,2025/11/28
347,1000572,电话,Y,2025/11/28
348,1000584,电话,Y,2025/11/28
349,1000298,电话,Y,2025/11/28
350,1002117,短信,Y,2025/11/28
351,1000743,短信,Y,2025/11/28
352,1000333,短信,Y,2025/11/28
353,1001511,短信,Y,2025/11/28
354,1001919,电话,Y,2025/11/28
355,1000509,电话,Y,2025/11/28
356,1002832,电话,Y,2025/11/28
357,1001555,电话,N,2025/11/28
358,1002574,短信,Y,2025/11/28
359,1000873,短信,Y,2025/11/29
360,1002684,短信,Y,2025/11/29
361,1000160,短信,Y,2025/11/29
362,1001381,电话,Y,2025/11/29
363,1000174,短信,Y,2025/11/29
364,1001378,电话,N,2025/11/29
365,1001744,电话,N,2025/11/29
366,1001008,短信,Y,2025/11/29
367,1001658,电话,Y,2025/11/29
368,1002519,短信,Y,2025/11/29
369,1002438,电话,Y,2025/11/29
370,1001255,短信,N,2025/11/29
371,1000934,电话,Y,2025/11/29
372,1000654,电话,Y,2025/11/29
373,1001404,短信,Y,2025/11/29
374,1000292,短信,Y,2025/11/29
375,1002691,短信,N,2025/11/29
376,1001023,电话,Y,2025/11/29
377,1000053,短信,Y,2025/11/29
378,1002756,电话,Y,2025/11/29
379,1001144,电话,N,2025/11/29
380,1000470,电话,N,2025/11/29
381,1000671,电话,Y,2025/11/29
382,1000118,电话,Y,2025/11/29
383,1002968,电话,Y,2025/11/29
384,1001585,短信,N,2025/11/29
385,1001635,电话,Y,2025/11/29
386,1002778,短信,N,2025/11/29
387,1002036,电话,Y,2025/11/29
388,1002021,短信,Y,2025/11/29
389,1002664,电话,Y,2025/11/29
390,1000078,短信,Y,2025/11/29
391,1001671,电话,Y,2025/11/29
392,1001193,短信,Y,2025/11/29
393,1002853,电话,Y,2025/11/29
394,1001018,电话,Y,2025/11/29
395,1000737,短信,Y,2025/11/29
396,1000938,短信,Y,2025/11/29
397,1002871,电话,Y,2025/11/29
398,1002621,短信,Y,2025/11/29
399,1002807,短信,Y,2025/11/29
400,1000778,电话,Y,2025/11/29
401,1002533,电话,Y,2025/11/29
402,1002872,电话,Y,2025/11/29
403,1000098,电话,Y,2025/11/29
404,1000291,电话,Y,2025/11/29
405,1000071,电话,Y,2025/11/29
406,1002064,短信,Y,2025/11/29
407,1000255,电话,Y,2025/11/29
408,1001708,短信,Y,2025/11/29
409,1000994,短信,Y,2025/11/29
410,1000354,电话,Y,2025/11/29
411,1003000,短信,Y,2025/11/29
412,1002757,短信,N,2025/11/29
413,1000026,短信,Y,2025/11/29
414,1001751,短信,Y,2025/11/29
415,1001808,电话,Y,2025/11/29
416,1002635,电话,Y,2025/11/29
417,1001367,短信,Y,2025/11/29
418,1002596,短信,Y,2025/11/30
419,1002151,短信,Y,2025/11/30
420,1000466,短信,Y,2025/11/30
421,1002990,电话,Y,2025/11/30
422,1000090,电话,Y,2025/11/30
423,1002047,电话,Y,2025/11/30
424,1001976,短信,Y,2025/11/30
425,1001863,电话,Y,2025/11/30
426,1001632,电话,Y,2025/11/30
427,1000402,电话,Y,2025/11/30
428,1002925,电话,Y,2025/11/30
429,1000429,电话,N,2025/11/30
430,1002816,短信,Y,2025/11/30
431,1002302,短信,Y,2025/11/30
432,1001398,短信,N,2025/11/30
433,1001669,短信,Y,2025/11/30
434,1002768,短信,Y,2025/11/30
435,1000859,短信,Y,2025/11/30
436,1001985,短信,Y,2025/11/30
437,1002827,短信,Y,2025/11/30
438,1000344,短信,Y,2025/11/30
439,1000387,电话,Y,2025/11/30
440,1002223,短信,Y,2025/11/30
441,1000976,电话,Y,2025/11/30
442,1002106,短信,N,2025/11/30
443,1002828,电话,Y,2025/11/30
444,1002886,电话,Y,2025/11/30
445,1002063,电话,Y,2025/11/30
446,1002731,电话,Y,2025/11/30
447,1001292,电话,Y,2025/11/30
448,1000952,电话,Y,2025/11/30
449,1001545,电话,Y,2025/11/30
450,1000133,短信,Y,2025/11/30
451,1000577,短信,Y,2025/11/30
452,1002381,短信,Y,2025/11/30
453,1002913,电话,Y,2025/11/30
454,1002508,短信,Y,2025/11/30
455,1001925,电话,Y,2025/12/01
456,1001492,短信,Y,2025/12/01
457,1001649,电话,Y,2025/12/01
458,1000510,短信,Y,2025/12/01
459,1002789,短信,Y,2025/12/01
460,1001334,短信,Y,2025/12/01
461,1000579,电话,Y,2025/12/01
462,1002606,短信,Y,2025/12/01
463,1000480,短信,Y,2025/12/01
464,1001721,电话,N,2025/12/01
465,1000501,电话,Y,2025/12/01
466,1001679,短信,Y,2025/12/01
467,1000164,短信,Y,2025/12/01
468,1000624,电话,Y,2025/12/01
469,1001728,短信,Y,2025/12/01
470,1002067,短信,Y,2025/12/01
471,1001430,短信,N,2025/12/01
472,1000623,短信,Y,2025/12/01
473,1001074,短信,Y,2025/12/01
474,1002868,短信,Y,2025/12/01
475,1001286,短信,Y,2025/12/01
476,1002833,短信,Y,2025/12/01
477,1001958,电话,N,2025/12/01
478,1000231,电话,Y,2025/12/01
479,1001975,电话,Y,2025/12/01
480,1002301,短信,Y,2025/12/01
481,1002830,电话,Y,2025/12/01
482,1002977,电话,Y,2025/12/01
483,1000784,短信,Y,2025/12/01
484,1000812,电话,Y,2025/12/01
485,1000178,电话,Y,2025/12/01
486,1001345,短信,Y,2025/12/01
487,1002906,电话,Y,2025/12/01
488,1001497,短信,Y,2025/12/01
489,1001408,电话,N,2025/12/01
490,1000829,电话,Y,2025/12/01
491,1001860,电话,Y,2025/12/01
492,1002310,短信,Y,2025/12/01
493,1001274,短信,Y,2025/12/01
494,1001938,短信,Y,2025/12/02
495,1000631,电话,Y,2025/12/02
496,1001839,短信,Y,2025/12/02
497,1002898,电话,Y,2025/12/02
498,1000823,短信,Y,2025/12/02
499,1001261,电话,Y,2025/12/02
500,1002095,短信,Y,2025/12/02
501,1001962,电话,Y,2025/12/02
502,1000426,电话,Y,2025/12/02
503,1001197,电话,Y,2025/12/02
504,1000792,短信,Y,2025/12/02
505,1001407,电话,Y,2025/12/02
506,1002225,短信,Y,2025/12/02
507,1001464,短信,Y,2025/12/02
508,1000609,电话,Y,2025/12/02
509,1001479,电话,N,2025/12/02
510,1002794,电话,Y,2025/12/02
511,1001449,短信,Y,2025/12/02
512,1002056,电话,N,2025/12/02
513,1002297,短信,Y,2025/12/02
514,1002309,电话,Y,2025/12/02
515,1000987,短信,Y,2025/12/02
516,1000287,电话,Y,2025/12/02
517,1000074,电话,Y,2025/12/02
518,1002206,短信,Y,2025/12/02
519,1000302,电话,Y,2025/12/02
520,1002645,电话,Y,2025/12/02
521,1001923,短信,Y,2025/12/02
522,1002908,短信,Y,2025/12/02
523,1002556,电话,Y,2025/12/02
524,1001893,电话,Y,2025/12/02
525,1000838,短信,Y,2025/12/02
526,1001660,电话,Y,2025/12/02
527,1002678,电话,Y,2025/12/02
528,1002841,短信,Y,2025/12/02
529,1001060,电话,Y,2025/12/02
530,1002050,电话,Y,2025/12/02
531,1000271,短信,Y,2025/12/02
532,1001823,电话,Y,2025/12/02
533,1001283,电话,Y,2025/12/02
534,1002245,电话,Y,2025/12/02
535,1002807,电话,Y,2025/12/02
536,1002542,电话,Y,2025/12/02
537,1002545,电话,Y,2025/12/02
538,1000137,电话,N,2025/12/02
539,1002589,短信,Y,2025/12/02
540,1001268,电话,Y,2025/12/02
541,1002631,电话,Y,2025/12/02
542,1001087,电话,Y,2025/12/02
543,1002844,电话,Y,2025/12/02
544,1001467,电话,Y,2025/12/02
545,1001013,电话,N,2025/12/02
546,1002046,短信,Y,2025/12/02
547,1002880,电话,Y,2025/12/02
548,1000123,电话,Y,2025/12/02
549,1001973,短信,Y,2025/12/02
550,1000752,电话,Y,2025/12/03
551,1000693,短信,Y,2025/12/03
552,1001729,电话,Y,2025/12/03
553,1001936,短信,Y,2025/12/03
554,1002918,电话,Y,2025/12/03
555,1001361,电话,Y,2025/12/03
556,1002276,电话,Y,2025/12/03
557,1000852,短信,Y,2025/12/03
558,1000950,短信,Y,2025/12/03
559,1002966,短信,Y,2025/12/03
560,1000202,短信,Y,2025/12/03
561,1000072,电话,Y,2025/12/03
562,1002515,短信,Y,2025/12/03
563,1000699,电话,Y,2025/12/03
564,1002718,电话,Y,2025/12/03
565,1002071,短信,N,2025/12/03
566,1002447,电话,Y,2025/12/03
567,1002878,短信,Y,2025/12/03
568,1001928,电话,Y,2025/12/03
569,1000336,电话,Y,2025/12/03
570,1002499,电话,Y,2025/12/03
571,1002475,短信,Y,2025/12/03
572,1002865,电话,Y,2025/12/03
573,1000991,电话,Y,2025/12/03
574,1002208,电话,Y,2025/12/03
575,1001610,电话,Y,2025/12/03
576,1001561,电话,Y,2025/12/03
577,1002372,短信,Y,2025/12/03
578,1000579,短信,Y,2025/12/03
579,1000777,电话,Y,2025/12/03
580,1000727,短信,Y,2025/12/03
581,1002339,电话,Y,2025/12/03
582,1001286,短信,Y,2025/12/03
583,1001534,电话,Y,2025/12/03
584,1001168,电话,Y,2025/12/03
585,1001281,短信,Y,2025/12/03
586,1001360,短信,Y,2025/12/04
587,1000806,电话,Y,2025/12/04
588,1001595,电话,Y,2025/12/04
589,1002228,短信,Y,2025/12/04
590,1002574,电话,Y,2025/12/04
591,1000610,短信,Y,2025/12/04
592,1000670,电话,Y,2025/12/04
593,1001286,电话,Y,2025/12/04
594,1002116,电话,Y,2025/12/04
595,1002238,电话,Y,2025/12/04
596,1001781,电话,Y,2025/12/04
597,1000165,短信,N,2025/12/04
598,1001663,短信,Y,2025/12/04
599,1001632,电话,Y,2025/12/04
600,1002221,电话,Y,2025/12/04
601,1002218,电话,Y,2025/12/04
602,1002718,电话,Y,2025/12/04
603,1001720,电话,Y,2025/12/04
604,1002788,短信,Y,2025/12/04
605,1002554,电话,Y,2025/12/04
606,1000124,短信,Y,2025/12/04
607,1002252,电话,Y,2025/12/04
608,1001989,电话,Y,2025/12/04
609,1001778,短信,Y,2025/12/04
610,1000031,电话,Y,2025/12/04
611,1002110,电话,Y,2025/12/04
612,1002089,电话,N,2025/12/04
613,1002713,电话,N,2025/12/04
614,1001293,电话,Y,2025/12/04
615,1000626,电话,Y,2025/12/04
616,1000796,电话,Y,2025/12/04
617,1001064,短信,Y,2025/12/04
618,1001740,电话,Y,2025/12/04
619,1000390,电话,Y,2025/12/04
620,1002785,短信,Y,2025/12/04
621,1001235,短信,Y,2025/12/04
622,1001896,短信,Y,2025/12/04
623,1001953,短信,Y,2025/12/04
624,1002324,短信,Y,2025/12/04
625,1001934,电话,Y,2025/12/04
626,1001735,短信,Y,2025/12/04
627,1002628,短信,Y,2025/12/04
628,1001853,电话,Y,2025/12/04
629,1000791,电话,Y,2025/12/04
630,1000265,短信,Y,2025/12/04
631,1002291,电话,Y,2025/12/04
632,1001407,电话,Y,2025/12/04
633,1001438,短信,N,2025/12/04
634,1000250,电话,Y,2025/12/04
635,1001212,短信,Y,2025/12/04
636,1001842,电话,N,2025/12/04
637,1000873,短信,Y,2025/12/04
638,1001319,电话,Y,2025/12/04
639,1001130,短信,Y,2025/12/04
640,1002243,短信,Y,2025/12/04
641,1000144,短信,Y,2025/12/05
642,1002376,短信,Y,2025/12/05
643,1000300,短信,Y,2025/12/05
644,1000686,短信,Y,2025/12/05
645,1001190,电话,Y,2025/12/05
646,1001111,短信,N,2025/12/05
647,1001597,短信,Y,2025/12/05
648,1002200,电话,Y,2025/12/05
649,1001762,短信,Y,2025/12/05
650,1000120,短信,Y,2025/12/05
651,1001246,短信,Y,2025/12/05
652,1000662,电话,Y,2025/12/05
653,1000625,短信,Y,2025/12/05
654,1001994,短信,Y,2025/12/05
655,1002903,电话,Y,2025/12/05
656,1000910,电话,Y,2025/12/05
657,1001838,短信,Y,2025/12/05
658,1000673,短信,Y,2025/12/05
659,1000705,电话,Y,2025/12/05
660,1000771,短信,Y,2025/12/05
661,1002908,电话,Y,2025/12/05
662,1002992,电话,Y,2025/12/05
663,1001145,短信,Y,2025/12/05
664,1001864,短信,Y,2025/12/05
665,1001648,短信,Y,2025/12/05
666,1001538,短信,Y,2025/12/05
667,1002240,短信,Y,2025/12/05
668,1002172,电话,Y,2025/12/05
669,1000671,电话,Y,2025/12/05
670,1000851,电话,Y,2025/12/05
671,1001906,电话,Y,2025/12/05
672,1002878,电话,Y,2025/12/05
673,1001964,短信,Y,2025/12/05
674,1000786,电话,Y,2025/12/05
675,1000750,电话,Y,2025/12/05
676,1001268,电话,Y,2025/12/05
677,1000953,电话,N,2025/12/05
678,1001473,电话,Y,2025/12/06
679,1000983,短信,Y,2025/12/06
680,1000429,短信,Y,2025/12/06
681,1002622,电话,Y,2025/12/06
682,1002588,电话,Y,2025/12/06
683,1002542,短信,N,2025/12/06
684,1001926,电话,Y,2025/12/06
685,1000606,短信,N,2025/12/06
686,1001510,短信,Y,2025/12/06
687,1002108,短信,Y,2025/12/06
688,1001197,短信,Y,2025/12/06
689,1000525,电话,Y,2025/12/06
690,1002830,短信,Y,2025/12/06
691,1000434,短信,Y,2025/12/06
692,1001467,电话,Y,2025/12/06
693,1002053,电话,Y,2025/12/06
694,1001299,电话,Y,2025/12/06
695,1001962,电话,N,2025/12/06
696,1002067,短信,Y,2025/12/06
697,1001703,短信,N,2025/12/06
698,1000204,短信,N,2025/12/06
699,1002815,电话,N,2025/12/06
700,1000276,短信,Y,2025/12/06
701,1002237,短信,Y,2025/12/06
702,1001874,短信,Y,2025/12/06
703,1000741,短信,Y,2025/12/06
704,1001677,短信,Y,2025/12/06
705,1000991,短信,Y,2025/12/06
706,1001323,电话,Y,2025/12/06
707,1002627,电话,Y,2025/12/06
708,1002431,电话,N,2025/12/06
709,1000148,电话,Y,2025/12/06
710,1001088,短信,Y,2025/12/06
711,1000309,短信,Y,2025/12/06
712,1002711,电话,Y,2025/12/06
713,1000391,电话,Y,2025/12/06
714,1001147,电话,Y,2025/12/06
715,1002132,短信,Y,2025/12/06
716,1000024,短信,Y,2025/12/06
717,1000357,电话,Y,2025/12/06
718,1000731,电话,Y,2025/12/06
719,1002677,短信,Y,2025/12/06
720,1002293,短信,Y,2025/12/06
721,1001747,电话,Y,2025/12/06
722,1002233,短信,Y,2025/12/06
723,1002300,短信,Y,2025/12/06
724,1002281,电话,Y,2025/12/06
725,1000339,短信,Y,2025/12/06
726,1002066,短信,Y,2025/12/06
727,1001629,短信,N,2025/12/07
728,1000962,电话,Y,2025/12/07
729,1002154,电话,Y,2025/12/07
730,1002851,电话,Y,2025/12/07
731,1000603,电话,N,2025/12/07
732,1001127,电话,N,2025/12/07
733,1001144,电话,Y,2025/12/07
734,1002694,短信,Y,2025/12/07
735,1002888,短信,Y,2025/12/07
736,1002124,短信,Y,2025/12/07
737,1000532,短信,Y,2025/12/07
738,1002079,短信,Y,2025/12/07
739,1000355,电话,Y,2025/12/07
740,1001035,电话,Y,2025/12/07
741,1002699,短信,Y,2025/12/07
742,1000729,电话,Y,2025/12/07
743,1000325,电话,N,2025/12/07
744,1001989,短信,Y,2025/12/07
745,1002855,短信,Y,2025/12/07
746,1001290,电话,Y,2025/12/07
747,1002062,短信,Y,2025/12/07
748,1002049,短信,Y,2025/12/07
749,1001464,短信,Y,2025/12/07
750,1002741,电话,Y,2025/12/07
751,1001361,电话,Y,2025/12/07
752,1001419,电话,Y,2025/12/07
753,1002057,短信,Y,2025/12/07
754,1000843,短信,Y,2025/12/07
755,1001917,电话,Y,2025/12/07
756,1002887,电话,Y,2025/12/07
757,1000143,短信,Y,2025/12/07
758,1001656,短信,Y,2025/12/07
759,1000324,短信,Y,2025/12/07
760,1002442,短信,Y,2025/12/08
761,1000546,电话,Y,2025/12/08
762,1002766,短信,Y,2025/12/08
763,1001077,电话,Y,2025/12/08
764,1000855,短信,Y,2025/12/08
765,1002792,电话,Y,2025/12/08
766,1002719,电话,Y,2025/12/08
767,1000417,电话,Y,2025/12/08
768,1002737,电话,Y,2025/12/08
769,1002242,电话,Y,2025/12/08
770,1000172,电话,Y,2025/12/08
771,1001093,短信,N,2025/12/08
772,1002041,短信,Y,2025/12/08
773,1001168,电话,Y,2025/12/08
774,1002222,电话,N,2025/12/08
775,1002543,短信,Y,2025/12/08
776,1000830,电话,Y,2025/12/08
777,1002598,电话,Y,2025/12/08
778,1002789,短信,N,2025/12/08
779,1001514,电话,N,2025/12/08
780,1002643,电话,Y,2025/12/08
781,1002934,短信,Y,2025/12/08
782,1001564,短信,Y,2025/12/08
783,1001733,电话,N,2025/12/08
784,1001274,短信,Y,2025/12/08
785,1001017,短信,Y,2025/12/08
786,1002452,短信,Y,2025/12/08
787,1002451,电话,Y,2025/12/08
788,1000239,电话,Y,2025/12/08
789,1001819,电话,Y,2025/12/08
790,1000420,短信,Y,2025/12/08
791,1002832,电话,Y,2025/12/08
792,1001122,电话,Y,2025/12/09
793,1001098,短信,Y,2025/12/09
794,1000977,电话,Y,2025/12/09
795,1000290,短信,Y,2025/12/09
796,1001779,短信,Y,2025/12/09
797,1000178,短信,Y,2025/12/09
798,1000585,电话,Y,2025/12/09
799,1000384,短信,Y,2025/12/09
800,1002467,电话,Y,2025/12/09
801,1001408,电话,Y,2025/12/09
802,1001517,短信,Y,2025/12/09
803,1001579,电话,N,2025/12/09
804,1002142,短信,Y,2025/12/09
805,1001666,短信,Y,2025/12/09
806,1000087,短信,Y,2025/12/09
807,1000447,短信,Y,2025/12/09
808,1001831,短信,Y,2025/12/09
809,1002793,短信,Y,2025/12/09
810,1000833,短信,Y,2025/12/09
811,1001616,电话,Y,2025/12/09
812,1001387,短信,Y,2025/12/09
813,1000023,电话,N,2025/12/09
814,1002214,短信,Y,2025/12/09
815,1000767,短信,Y,2025/12/09
816,1002385,短信,Y,2025/12/09
817,1001623,短信,Y,2025/12/09
818,1002583,短信,Y,2025/12/09
819,1001685,电话,Y,2025/12/09
820,1002175,电话,N,2025/12/09
821,1002105,短信,Y,2025/12/09
822,1002737,电话,Y,2025/12/09
823,1001299,短信,Y,2025/12/09
824,1002141,短信,Y,2025/12/09
825,1002933,短信,Y,2025/12/09
826,1000063,短信,Y,2025/12/09
827,1002803,短信,Y,2025/12/09
828,1000637,短信,Y,2025/12/09
829,1000882,电话,Y,2025/12/09
830,1001930,短信,Y,2025/12/09
831,1002000,短信,Y,2025/12/09
832,1000790,短信,Y,2025/12/09
833,1002884,电话,Y,2025/12/09
834,1001071,电话,Y,2025/12/09
835,1000600,电话,Y,2025/12/09
836,1001038,短信,Y,2025/12/09
837,1001525,短信,Y,2025/12/09
838,1001142,电话,Y,2025/12/09
839,1001868,电话,Y,2025/12/09
840,1001513,短信,Y,2025/12/09
841,1001236,电话,Y,2025/12/09
842,1002630,短信,Y,2025/12/09
843,1002558,短信,Y,2025/12/09
844,1002702,电话,Y,2025/12/09
845,1002583,短信,Y,2025/12/10
846,1000961,电话,Y,2025/12/10
847,1002969,短信,Y,2025/12/10
848,1001460,短信,N,2025/12/10
849,1000599,电话,Y,2025/12/10
850,1001507,电话,Y,2025/12/10
851,1002789,短信,Y,2025/12/10
852,1002444,电话,Y,2025/12/10
853,1001785,电话,Y,2025/12/10
854,1002885,短信,Y,2025/12/10
855,1002920,电话,Y,2025/12/10
856,1002172,电话,Y,2025/12/10
857,1000492,短信,Y,2025/12/10
858,1001203,短信,Y,2025/12/10
859,1001861,电话,Y,2025/12/10
860,1002615,电话,Y,2025/12/10
861,1000298,电话,Y,2025/12/10
862,1001324,短信,Y,2025/12/10
863,1001853,电话,N,2025/12/10
864,1000167,电话,Y,2025/12/10
865,1002413,电话,Y,2025/12/10
866,1002046,电话,Y,2025/12/10
867,1002015,电话,N,2025/12/10
868,1002960,短信,Y,2025/12/10
869,1002770,电话,N,2025/12/10
870,1001392,短信,Y,2025/12/10
871,1000135,短信,N,2025/12/10
872,1000183,短信,N,2025/12/10
873,1001847,电话,Y,2025/12/10
874,1000431,电话,Y,2025/12/10
875,1000138,短信,Y,2025/12/10
876,1001384,电话,Y,2025/12/10
877,1000454,短信,Y,2025/12/10
878,1002655,电话,N,2025/12/10
879,1002063,电话,Y,2025/12/10
880,1000582,短信,Y,2025/12/10
881,1002412,电话,Y,2025/12/10
882,1002006,电话,Y,2025/12/10
883,1001173,电话,Y,2025/12/10
884,1002298,短信,Y,2025/12/10
885,1002353,短信,Y,2025/12/10
886,1002117,电话,N,2025/12/10
887,1001562,电话,Y,2025/12/10
888,1002386,短信,Y,2025/12/11
889,1000398,电话,Y,2025/12/11
890,1002959,电话,Y,2025/12/11
891,1002137,电话,Y,2025/12/11
892,1002518,短信,Y,2025/12/11
893,1000625,短信,Y,2025/12/11
894,1002604,电话,Y,2025/12/11
895,1002528,短信,Y,2025/12/11
896,1002780,电话,Y,2025/12/11
897,1000437,电话,Y,2025/12/11
898,1002877,电话,Y,2025/12/11
899,1000186,短信,Y,2025/12/11
900,1000574,电话,Y,2025/12/11
901,1001609,电话,Y,2025/12/11
902,1002340,短信,Y,2025/12/11
903,1001720,短信,N,2025/12/11
904,1002831,短信,Y,2025/12/11
905,1000928,短信,Y,2025/12/11
906,1002404,电话,N,2025/12/11
907,1001608,电话,N,2025/12/11
908,1001606,短信,Y,2025/12/11
909,1000632,电话,Y,2025/12/11
910,1002583,短信,Y,2025/12/11
911,1000766,电话,Y,2025/12/11
912,1002266,短信,Y,2025/12/11
913,1002469,电话,Y,2025/12/11
914,1001806,电话,Y,2025/12/11
915,1000983,短信,Y,2025/12/11
916,1000148,短信,N,2025/12/11
917,1002280,电话,Y,2025/12/11
918,1000323,电话,Y,2025/12/11
919,1001002,电话,N,2025/12/11
920,1001778,电话,Y,2025/12/11
921,1001889,电话,Y,2025/12/11
922,1000621,短信,Y,2025/12/11
923,1001847,电话,Y,2025/12/11
924,1001050,电话,Y,2025/12/11
925,1000492,短信,Y,2025/12/11
926,1002436,短信,Y,2025/12/11
927,1000867,电话,Y,2025/12/11
928,1002293,电话,Y,2025/12/11
929,1000720,短信,Y,2025/12/11
930,1000215,短信,Y,2025/12/11
931,1000864,电话,Y,2025/12/11
932,1001786,电话,Y,2025/12/11
933,1002171,电话,Y,2025/12/11
934,1002103,电话,Y,2025/12/11
935,1000259,电话,Y,2025/12/11
936,1001921,电话,Y,2025/12/11
937,1002687,电话,Y,2025/12/11
938,1000734,电话,Y,2025/12/11
939,1001206,短信,Y,2025/12/11
940,1000707,电话,Y,2025/12/11
941,1002773,短信,Y,2025/12/11
942,1000182,短信,N,2025/12/11
943,1002878,短信,Y,2025/12/11
944,1002489,短信,Y,2025/12/11
945,1001803,电话,Y,2025/12/12
946,1001490,短信,Y,2025/12/12
947,1002899,电话,Y,2025/12/12
948,1000174,短信,Y,2025/12/12
949,1002834,短信,N,2025/12/12
950,1000956,短信,Y,2025/12/12
951,1001612,电话,Y,2025/12/12
952,1000287,短信,Y,2025/12/12
953,1002979,电话,Y,2025/12/12
954,1001276,短信,Y,2025/12/12
955,1002644,短信,Y,2025/12/12
956,1000570,短信,Y,2025/12/12
957,1002352,短信,N,2025/12/12
958,1000760,电话,Y,2025/12/12
959,1001568,短信,Y,2025/12/12
960,1002356,短信,Y,2025/12/12
961,1001827,电话,Y,2025/12/12
962,1000944,电话,Y,2025/12/12
963,1001163,电话,N,2025/12/12
964,1001916,电话,Y,2025/12/12
965,1001226,短信,N,2025/12/12
966,1001725,电话,Y,2025/12/12
967,1002935,短信,Y,2025/12/12
968,1002137,电话,N,2025/12/12
969,1001127,电话,Y,2025/12/12
970,1000352,电话,Y,2025/12/12
971,1000619,电话,Y,2025/12/12
972,1000543,短信,Y,2025/12/12
973,1002063,短信,Y,2025/12/12
974,1000894,电话,Y,2025/12/12
975,1001439,短信,Y,2025/12/12
976,1001964,短信,Y,2025/12/12
977,1000696,短信,Y,2025/12/12
978,1000676,短信,Y,2025/12/12
979,1000645,短信,Y,2025/12/12
980,1002514,短信,Y,2025/12/12
981,1000820,短信,Y,2025/12/12
982,1000584,短信,Y,2025/12/12
983,1001022,短信,Y,2025/12/12
984,1001788,电话,Y,2025/12/12
985,1001988,短信,Y,2025/12/12
986,1002010,短信,Y,2025/12/12
987,1000103,短信,Y,2025/12/12
988,1000661,电话,Y,2025/12/12
989,1000413,短信,Y,2025/12/12
990,1000241,电话,N,2025/12/12
991,1002398,短信,Y,2025/12/12
992,1002849,短信,Y,2025/12/12
993,1002244,短信,Y,2025/12/12
994,1002529,短信,N,2025/12/12
995,1002859,电话,Y,2025/12/12
996,1001981,短信,Y,2025/12/12
997,1001463,短信,Y,2025/12/12
998,1001678,短信,N,2025/12/12
999,1000334,电话,Y,2025/12/12
1000,1002740,电话,Y,2025/12/12
1001,1000698,电话,Y,2025/12/12
1002,1001810,电话,Y,2025/12/12
1003,1001688,电话,N,2025/12/13
1004,1002581,电话,Y,2025/12/13
1005,1000631,电话,Y,2025/12/13
1006,1002666,短信,Y,2025/12/13
1007,1002435,电话,Y,2025/12/13
1008,1000544,短信,Y,2025/12/13
1009,1001690,短信,Y,2025/12/13
1010,1001479,短信,Y,2025/12/13
1011,1002936,电话,Y,2025/12/13
1012,1002544,短信,Y,2025/12/13
1013,1002004,短信,Y,2025/12/13
1014,1002508,短信,N,2025/12/13
1015,1001346,电话,Y,2025/12/13
1016,1002197,电话,Y,2025/12/13
1017,1002727,短信,Y,2025/12/13
1018,1001784,短信,Y,2025/12/13
1019,1002609,短信,Y,2025/12/13
1020,1001399,电话,Y,2025/12/13
1021,1002059,电话,Y,2025/12/13
1022,1002596,短信,Y,2025/12/13
1023,1001332,短信,Y,2025/12/13
1024,1000395,短信,Y,2025/12/13
1025,1002203,短信,Y,2025/12/13
1026,1001323,短信,Y,2025/12/13
1027,1002737,短信,Y,2025/12/13
1028,1000791,短信,Y,2025/12/13
1029,1000222,短信,Y,2025/12/13
1030,1002705,短信,Y,2025/12/13
1031,1001255,电话,Y,2025/12/13
1032,1001487,短信,Y,2025/12/13
1033,1002382,电话,Y,2025/12/13
1034,1002207,短信,Y,2025/12/13
1035,1000378,短信,Y,2025/12/13
1036,1001490,短信,Y,2025/12/13
1037,1002574,短信,Y,2025/12/13
1038,1000086,电话,Y,2025/12/13
1039,1002547,短信,N,2025/12/13
1040,1000277,短信,Y,2025/12/13
1041,1002613,电话,Y,2025/12/13
1042,1001671,电话,Y,2025/12/13
1043,1001812,短信,Y,2025/12/14
1044,1000857,电话,Y,2025/12/14
1045,1001356,电话,Y,2025/12/14
1046,1001023,短信,Y,2025/12/14
1047,1001690,短信,Y,2025/12/14
1048,1000031,短信,Y,2025/12/14
1049,1002958,电话,Y,2025/12/14
1050,1001324,电话,Y,2025/12/14
1051,1002474,短信,Y,2025/12/14
1052,1000947,短信,Y,2025/12/14
1053,1000439,电话,Y,2025/12/14
1054,1000926,短信,N,2025/12/14
1055,1000546,短信,Y,2025/12/14
1056,1002932,短信,N,2025/12/14
1057,1002162,电话,Y,2025/12/14
1058,1000463,短信,Y,2025/12/14
1059,1001651,电话,Y,2025/12/14
1060,1001473,短信,Y,2025/12/14
1061,1001811,短信,Y,2025/12/14
1062,1002656,短信,Y,2025/12/14
1063,1002126,电话,Y,2025/12/14
1064,1000612,电话,Y,2025/12/14
1065,1002744,电话,Y,2025/12/14
1066,1001117,短信,Y,2025/12/14
1067,1001366,电话,Y,2025/12/14
1068,1000556,电话,Y,2025/12/14
1069,1001089,短信,Y,2025/12/14
1070,1002750,短信,Y,2025/12/14
1071,1000871,电话,Y,2025/12/14
1072,1002747,短信,Y,2025/12/14
1073,1002269,短信,Y,2025/12/14
1074,1001108,电话,Y,2025/12/14
1075,1000407,短信,Y,2025/12/14
1076,1001447,短信,Y,2025/12/14
1077,1001758,短信,Y,2025/12/14
1078,1000355,电话,Y,2025/12/14
1079,1000723,短信,Y,2025/12/15
1080,1001508,短信,Y,2025/12/15
1081,1000209,电话,Y,2025/12/15
1082,1002008,电话,Y,2025/12/15
1083,1001851,短信,Y,2025/12/15
1084,1001505,电话,Y,2025/12/15
1085,1002260,电话,Y,2025/12/15
1086,1000316,短信,Y,2025/12/15
1087,1000974,电话,Y,2025/12/15
1088,1000852,电话,Y,2025/12/15
1089,1000895,短信,Y,2025/12/15
1090,1000163,短信,Y,2025/12/15
1091,1002696,短信,Y,2025/12/15
1092,1002962,电话,Y,2025/12/15
1093,1002947,短信,Y,2025/12/15
1094,1000500,电话,Y,2025/12/15
1095,1002837,电话,Y,2025/12/15
1096,1001988,短信,Y,2025/12/15
1097,1000695,电话,Y,2025/12/15
1098,1001542,电话,Y,2025/12/15
1099,1002853,短信,N,2025/12/15
1100,1002480,短信,Y,2025/12/15
1101,1001764,短信,Y,2025/12/15
1102,1000199,电话,Y,2025/12/15
1103,1002394,短信,N,2025/12/15
1104,1002971,电话,Y,2025/12/15
1105,1002759,短信,Y,2025/12/15
1106,1001925,电话,Y,2025/12/15
1107,1002643,短信,Y,2025/12/15
1108,1001934,短信,Y,2025/12/15
1109,1002455,短信,Y,2025/12/15
1110,1001931,电话,Y,2025/12/15
1111,1002187,电话,Y,2025/12/15
1112,1002695,短信,Y,2025/12/15
1113,1002847,电话,Y,2025/12/15
1114,1002862,短信,Y,2025/12/15
1115,1000642,短信,N,2025/12/15
1116,1002164,电话,Y,2025/12/15
1117,1001328,电话,Y,2025/12/15
1118,1002587,短信,Y,2025/12/15
1119,1001618,电话,Y,2025/12/15
1120,1001987,短信,Y,2025/12/15
1121,1001077,电话,Y,2025/12/15
1122,1001535,短信,Y,2025/12/15
1123,1002649,短信,N,2025/12/15
1124,1001886,短信,Y,2025/12/15
1125,1002942,电话,Y,2025/12/15
1126,1000082,短信,Y,2025/12/16
1127,1002683,短信,Y,2025/12/16
1128,1000352,电话,Y,2025/12/16
1129,1002878,电话,Y,2025/12/16
1130,1002362,电话,Y,2025/12/16
1131,1000201,电话,Y,2025/12/16
1132,1002043,短信,Y,2025/12/16
1133,1002336,电话,Y,2025/12/16
1134,1000891,短信,Y,2025/12/16
1135,1001149,短信,N,2025/12/16
1136,1002440,短信,N,2025/12/16
1137,1000536,电话,Y,2025/12/16
1138,1000522,短信,Y,2025/12/16
1139,1000759,短信,Y,2025/12/16
1140,1002877,电话,N,2025/12/16
1141,1000108,短信,Y,2025/12/16
1142,1001215,短信,Y,2025/12/16
1143,1000786,电话,Y,2025/12/16
1144,1000543,电话,Y,2025/12/16
1145,1000781,短信,Y,2025/12/16
1146,1000283,电话,Y,2025/12/16
1147,1002569,短信,Y,2025/12/16
1148,1002006,电话,Y,2025/12/16
1149,1001212,短信,Y,2025/12/16
1150,1000117,短信,Y,2025/12/16
1151,1000976,电话,Y,2025/12/16
1152,1000448,电话,Y,2025/12/16
1153,1002421,电话,Y,2025/12/16
1154,1001078,电话,N,2025/12/16
1155,1001798,短信,Y,2025/12/16
1156,1000572,短信,Y,2025/12/16
1157,1000679,电话,Y,2025/12/16
1158,1002382,短信,Y,2025/12/16
1159,1001226,电话,N,2025/12/16
1160,1001795,短信,Y,2025/12/16
1161,1000542,短信,Y,2025/12/17
1162,1002730,短信,Y,2025/12/17
1163,1001874,短信,Y,2025/12/17
1164,1002423,电话,Y,2025/12/17
1165,1000049,短信,Y,2025/12/17
1166,1002497,短信,Y,2025/12/17
1167,1002067,电话,Y,2025/12/17
1168,1000746,电话,Y,2025/12/17
1169,1001632,短信,Y,2025/12/17
1170,1002674,电话,Y,2025/12/17
1171,1001696,短信,Y,2025/12/17
1172,1000900,电话,Y,2025/12/17
1173,1001964,短信,Y,2025/12/17
1174,1002274,短信,Y,2025/12/17
1175,1002968,短信,Y,2025/12/17
1176,1002286,短信,Y,2025/12/17
1177,1002441,电话,Y,2025/12/17
1178,1002305,短信,Y,2025/12/17
1179,1002503,短信,Y,2025/12/17
1180,1001270,短信,Y,2025/12/17
1181,1002770,短信,Y,2025/12/17
1182,1001301,电话,Y,2025/12/17
1183,1002851,短信,Y,2025/12/17
1184,1001033,短信,Y,2025/12/17
1185,1001905,短信,Y,2025/12/17
1186,1002982,短信,N,2025/12/17
1187,1000088,电话,N,2025/12/17
1188,1002613,电话,Y,2025/12/17
1189,1002111,电话,Y,2025/12/17
1190,1000573,短信,Y,2025/12/17
1191,1001332,电话,Y,2025/12/17
1192,1001603,短信,Y,2025/12/17
1193,1001147,电话,N,2025/12/17
1194,1000194,电话,Y,2025/12/17
1195,1002494,短信,Y,2025/12/18
1196,1001589,电话,Y,2025/12/18
1197,1002833,电话,Y,2025/12/18
1198,1002043,短信,Y,2025/12/18
1199,1002514,短信,Y,2025/12/18
1200,1002411,电话,Y,2025/12/18
1201,1000724,电话,N,2025/12/18
1202,1001710,短信,Y,2025/12/18
1203,1001929,短信,Y,2025/12/18
1204,1001572,电话,Y,2025/12/18
1205,1002165,电话,Y,2025/12/18
1206,1002157,电话,Y,2025/12/18
1207,1000611,电话,N,2025/12/18
1208,1001732,电话,Y,2025/12/18
1209,1001902,短信,Y,2025/12/18
1210,1001533,短信,Y,2025/12/18
1211,1001892,电话,Y,2025/12/18
1212,1000715,电话,Y,2025/12/18
1213,1000107,短信,Y,2025/12/18
1214,1002336,电话,Y,2025/12/18
1215,1000531,短信,Y,2025/12/18
1216,1000016,短信,Y,2025/12/18
1217,1001683,短信,Y,2025/12/18
1218,1001544,电话,Y,2025/12/18
1219,1001313,电话,N,2025/12/18
1220,1000125,电话,Y,2025/12/18
1221,1001983,短信,Y,2025/12/18
1222,1002788,短信,Y,2025/12/18
1223,1000298,电话,Y,2025/12/18
1224,1000914,短信,Y,2025/12/18
1225,1002303,短信,Y,2025/12/18
1226,1000028,电话,Y,2025/12/18
1227,1002509,短信,Y,2025/12/18
1228,1002764,电话,N,2025/12/18
1229,1000717,电话,Y,2025/12/18
1230,1001947,电话,Y,2025/12/18
1231,1001073,电话,Y,2025/12/18
1232,1000490,短信,Y,2025/12/19
1233,1001249,短信,Y,2025/12/19
1234,1001266,电话,Y,2025/12/19
1235,1002544,电话,Y,2025/12/19
1236,1000438,短信,Y,2025/12/19
1237,1001989,电话,Y,2025/12/19
1238,1002971,电话,Y,2025/12/19
1239,1000748,短信,Y,2025/12/19
1240,1001119,电话,Y,2025/12/19
1241,1000673,短信,Y,2025/12/19
1242,1002178,短信,Y,2025/12/19
1243,1001759,短信,Y,2025/12/19
1244,1002917,电话,Y,2025/12/19
1245,1001720,短信,Y,2025/12/19
1246,1001981,电话,Y,2025/12/19
1247,1001162,短信,Y,2025/12/19
1248,1002174,电话,Y,2025/12/19
1249,1001728,短信,Y,2025/12/19
1250,1000775,电话,Y,2025/12/19
1251,1000148,短信,Y,2025/12/19
1252,1000844,电话,Y,2025/12/19
1253,1000377,短信,Y,2025/12/19
1254,1001091,短信,Y,2025/12/19
1255,1001925,电话,Y,2025/12/19
1256,1001562,电话,Y,2025/12/19
1257,1001901,短信,N,2025/12/19
1258,1001369,短信,Y,2025/12/19
1259,1002252,电话,Y,2025/12/19
1260,1001354,短信,Y,2025/12/19
1261,1000898,短信,Y,2025/12/19
1262,1000123,短信,Y,2025/12/19
1263,1002824,短信,Y,2025/12/19
1264,1001037,电话,Y,2025/12/19
1265,1001399,电话,Y,2025/12/19
1266,1002119,短信,Y,2025/12/19
1267,1001655,电话,Y,2025/12/19
1268,1001937,短信,Y,2025/12/20
1269,1000667,电话,Y,2025/12/20
1270,1002448,短信,Y,2025/12/20
1271,1001371,电话,Y,2025/12/20
1272,1001195,短信,Y,2025/12/20
1273,1001567,电话,Y,2025/12/20
1274,1000370,电话,Y,2025/12/20
1275,1000937,短信,Y,2025/12/20
1276,1002292,短信,Y,2025/12/20
1277,1001320,短信,Y,2025/12/20
1278,1000731,电话,Y,2025/12/20
1279,1001029,电话,Y,2025/12/20
1280,1001463,短信,Y,2025/12/20
1281,1002646,电话,Y,2025/12/20
1282,1000865,电话,Y,2025/12/20
1283,1001808,电话,Y,2025/12/20
1284,1002475,电话,Y,2025/12/20
1285,1001172,电话,Y,2025/12/20
1286,1000589,电话,Y,2025/12/20
1287,1000695,短信,Y,2025/12/20
1288,1002780,短信,N,2025/12/20
1289,1001747,电话,Y,2025/12/20
1290,1001158,短信,Y,2025/12/20
1291,1001714,短信,Y,2025/12/20
1292,1000281,短信,Y,2025/12/20
1293,1001993,短信,Y,2025/12/20
1294,1002069,电话,N,2025/12/20
1295,1000530,短信,Y,2025/12/20
1296,1001809,电话,Y,2025/12/20
1297,1001028,短信,Y,2025/12/20
1298,1000356,电话,Y,2025/12/20
1299,1002688,电话,Y,2025/12/21
1300,1000937,短信,Y,2025/12/21
1301,1001524,短信,Y,2025/12/21
1302,1002096,电话,N,2025/12/21
1303,1002570,电话,Y,2025/12/21
1304,1001914,电话,Y,2025/12/21
1305,1001908,短信,Y,2025/12/21
1306,1002178,短信,Y,2025/12/21
1307,1002563,电话,Y,2025/12/21
1308,1002199,短信,Y,2025/12/21
1309,1002019,电话,Y,2025/12/21
1310,1002169,短信,Y,2025/12/21
1311,1000615,短信,Y,2025/12/21
1312,1002282,短信,Y,2025/12/21
1313,1001857,短信,N,2025/12/21
1314,1001763,电话,Y,2025/12/21
1315,1002116,电话,Y,2025/12/21
1316,1001926,电话,Y,2025/12/21
1317,1001934,短信,Y,2025/12/21
1318,1000378,短信,Y,2025/12/21
1319,1000896,电话,Y,2025/12/21
1320,1000952,电话,Y,2025/12/21
1321,1002152,电话,Y,2025/12/21
1322,1001063,电话,Y,2025/12/21
1323,1001596,电话,Y,2025/12/21
1324,1000114,电话,Y,2025/12/21
1325,1001906,短信,Y,2025/12/21
1326,1001265,短信,Y,2025/12/21
1327,1001812,短信,Y,2025/12/21
1328,1001915,电话,Y,2025/12/21
1329,1002237,短信,Y,2025/12/21
1330,1000106,电话,Y,2025/12/21
1331,1000393,电话,Y,2025/12/21
1332,1002424,短信,N,2025/12/21
1333,1000167,短信,Y,2025/12/21
1334,1000939,短信,Y,2025/12/21
1335,1002449,电话,N,2025/12/21
1336,1001557,短信,N,2025/12/21
1337,1001314,电话,Y,2025/12/21
1338,1000994,短信,Y,2025/12/21
1339,1002484,电话,Y,2025/12/21
1340,1000279,短信,Y,2025/12/21
1341,1002810,电话,Y,2025/12/21
1342,1000981,短信,Y,2025/12/22
1343,1000081,电话,Y,2025/12/22
1344,1001126,短信,Y,2025/12/22
1345,1002214,电话,Y,2025/12/22
1346,1002614,电话,Y,2025/12/22
1347,1000443,短信,N,2025/12/22
1348,1001381,短信,Y,2025/12/22
1349,1001039,电话,Y,2025/12/22
1350,1002904,短信,Y,2025/12/22
1351,1001564,短信,Y,2025/12/22
1352,1000216,短信,Y,2025/12/22
1353,1002177,短信,Y,2025/12/22
1354,1001349,电话,Y,2025/12/22
1355,1002535,电话,Y,2025/12/22
1356,1001451,电话,Y,2025/12/22
1357,1002528,电话,Y,2025/12/22
1358,1002605,电话,Y,2025/12/22
1359,1000909,短信,Y,2025/12/22
1360,1001557,电话,Y,2025/12/22
1361,1002405,短信,Y,2025/12/22
1362,1001831,电话,Y,2025/12/22
1363,1002152,电话,Y,2025/12/22
1364,1000136,电话,Y,2025/12/22
1365,1000173,短信,Y,2025/12/22
1366,1001941,电话,N,2025/12/22
1367,1000727,短信,Y,2025/12/22
1368,1001278,电话,N,2025/12/22
1369,1002780,短信,Y,2025/12/22
1370,1002165,短信,Y,2025/12/22
1371,1000021,短信,Y,2025/12/22
1372,1002613,短信,Y,2025/12/22
1373,1000580,短信,Y,2025/12/22
1374,1000357,电话,Y,2025/12/22
1375,1001210,短信,Y,2025/12/22
1376,1000140,短信,Y,2025/12/22
1377,1000710,电话,Y,2025/12/22
1378,1002791,电话,Y,2025/12/22
1379,1000800,短信,Y,2025/12/22
1380,1002081,短信,Y,2025/12/22
1381,1001119,电话,Y,2025/12/22
1382,1000900,电话,Y,2025/12/22
1383,1002724,短信,Y,2025/12/22
1384,1001411,短信,Y,2025/12/22
1385,1002067,电话,N,2025/12/22
1386,1002179,短信,Y,2025/12/22
1387,1001155,短信,Y,2025/12/22
1388,1001513,短信,Y,2025/12/23
1389,1001861,短信,Y,2025/12/23
1390,1001471,电话,Y,2025/12/23
1391,1002942,短信,Y,2025/12/23
1392,1001666,短信,Y,2025/12/23
1393,1002984,短信,Y,2025/12/23
1394,1002474,短信,Y,2025/12/23
1395,1002003,短信,Y,2025/12/23
1396,1001367,电话,Y,2025/12/23
1397,1000365,电话,Y,2025/12/23
1398,1000241,电话,Y,2025/12/23
1399,1000438,短信,Y,2025/12/23
1400,1001026,短信,Y,2025/12/23
1401,1000086,短信,N,2025/12/23
1402,1000624,短信,Y,2025/12/23
1403,1002101,短信,Y,2025/12/23
1404,1002505,短信,Y,2025/12/23
1405,1001838,短信,Y,2025/12/23
1406,1000644,短信,N,2025/12/23
1407,1002084,短信,Y,2025/12/23
1408,1000657,短信,Y,2025/12/23
1409,1002514,电话,Y,2025/12/23
1410,1001222,电话,Y,2025/12/23
1411,1000884,短信,Y,2025/12/23
1412,1000352,短信,Y,2025/12/23
1413,1001759,电话,Y,2025/12/23
1414,1000291,电话,Y,2025/12/23
1415,1001196,短信,Y,2025/12/23
1416,1002612,电话,Y,2025/12/23
1417,1001107,短信,Y,2025/12/23
1418,1000234,电话,Y,2025/12/23
1419,1002859,电话,Y,2025/12/24
1420,1000204,短信,Y,2025/12/24
1421,1000520,短信,Y,2025/12/24
1422,1002758,短信,Y,2025/12/24
1423,1002597,短信,N,2025/12/24
1424,1002348,短信,Y,2025/12/24
1425,1000916,短信,Y,2025/12/24
1426,1000600,短信,Y,2025/12/24
1427,1001678,短信,Y,2025/12/24
1428,1001115,电话,Y,2025/12/24
1429,1002671,电话,Y,2025/12/24
1430,1001104,短信,Y,2025/12/24
1431,1000057,电话,Y,2025/12/24
1432,1000402,电话,Y,2025/12/24
1433,1002771,电话,Y,2025/12/24
1434,1002440,短信,Y,2025/12/24
1435,1001563,电话,Y,2025/12/24
1436,1001046,短信,Y,2025/12/24
1437,1000776,电话,Y,2025/12/24
1438,1002502,短信,Y,2025/12/24
1439,1001545,短信,Y,2025/12/24
1440,1001461,短信,N,2025/12/24
1441,1001305,短信,Y,2025/12/24
1442,1000777,电话,Y,2025/12/24
1443,1002181,电话,Y,2025/12/24
1444,1001547,短信,Y,2025/12/24
1445,1002503,短信,Y,2025/12/24
1446,1002137,电话,Y,2025/12/24
1447,1002903,电话,Y,2025/12/24
1448,1001259,电话,Y,2025/12/24
1449,1002909,短信,Y,2025/12/24
1450,1000604,电话,Y,2025/12/24
1451,1000918,短信,Y,2025/12/24
1452,1002535,电话,Y,2025/12/24
1453,1001099,电话,Y,2025/12/24
1454,1001181,短信,N,2025/12/24
1455,1001364,电话,Y,2025/12/24
1456,1002185,电话,Y,2025/12/24
1457,1000608,电话,Y,2025/12/24
1458,1001709,短信,Y,2025/12/24
1459,1002582,电话,N,2025/12/24
1460,1002113,电话,Y,2025/12/24
1461,1001484,短信,Y,2025/12/24
1462,1000925,短信,Y,2025/12/24
1463,1002316,短信,N,2025/12/24
1464,1001950,电话,Y,2025/12/24
1465,1000796,电话,Y,2025/12/24
1466,1001375,电话,Y,2025/12/24
1467,1001515,电话,Y,2025/12/24
1468,1000754,电话,Y,2025/12/24
1469,1002325,短信,N,2025/12/24
1470,1000952,短信,Y,2025/12/24
1471,1001254,电话,Y,2025/12/25
1472,1001075,短信,Y,2025/12/25
1473,1002587,短信,Y,2025/12/25
1474,1000981,电话,Y,2025/12/25
1475,1001373,短信,Y,2025/12/25
1476,1001874,电话,Y,2025/12/25
1477,1002471,短信,Y,2025/12/25
1478,1000139,电话,N,2025/12/25
1479,1002610,短信,Y,2025/12/25
1480,1000254,电话,Y,2025/12/25
1481,1001220,电话,Y,2025/12/25
1482,1000838,电话,Y,2025/12/25
1483,1001993,短信,N,2025/12/25
1484,1000536,电话,Y,2025/12/25
1485,1000220,电话,Y,2025/12/25
1486,1002936,短信,N,2025/12/25
1487,1002942,短信,Y,2025/12/25
1488,1000371,短信,Y,2025/12/25
1489,1001213,短信,Y,2025/12/25
1490,1000132,短信,Y,2025/12/25
1491,1001301,短信,Y,2025/12/25
1492,1002434,电话,Y,2025/12/25
1493,1001410,短信,Y,2025/12/25
1494,1002524,短信,Y,2025/12/25
1495,1000956,电话,Y,2025/12/25
1496,1000177,短信,Y,2025/12/25
1497,1001527,电话,Y,2025/12/25
1498,1002853,电话,Y,2025/12/25
1499,1002778,短信,Y,2025/12/25
1500,1001049,短信,Y,2025/12/25
1501,1001612,电话,N,2025/12/25
1502,1002872,电话,Y,2025/12/25
1503,1001130,短信,Y,2025/12/25
1504,1001351,短信,Y,2025/12/25
1505,1001900,电话,Y,2025/12/25
1506,1002890,电话,Y,2025/12/25
1507,1001709,电话,Y,2025/12/25
1508,1000295,短信,Y,2025/12/25
1509,1001689,电话,Y,2025/12/25
1510,1000271,短信,Y,2025/12/25
1511,1000713,电话,Y,2025/12/25
1512,1000734,短信,Y,2025/12/25
1513,1002264,短信,Y,2025/12/26
1514,1000156,电话,Y,2025/12/26
1515,1000522,短信,Y,2025/12/26
1516,1001782,短信,Y,2025/12/26
1517,1000934,短信,Y,2025/12/26
1518,1002056,电话,N,2025/12/26
1519,1000087,短信,Y,2025/12/26
1520,1000284,短信,Y,2025/12/26
1521,1001800,电话,Y,2025/12/26
1522,1002028,短信,Y,2025/12/26
1523,1001330,电话,Y,2025/12/26
1524,1002420,短信,Y,2025/12/26
1525,1000692,电话,N,2025/12/26
1526,1002138,短信,N,2025/12/26
1527,1001831,电话,Y,2025/12/26
1528,1000466,电话,Y,2025/12/26
1529,1002573,短信,Y,2025/12/26
1530,1001393,短信,Y,2025/12/26
1531,1001112,电话,Y,2025/12/26
1532,1000484,短信,Y,2025/12/26
1533,1002630,短信,Y,2025/12/26
1534,1002452,电话,Y,2025/12/26
1535,1001652,电话,Y,2025/12/26
1536,1000903,短信,Y,2025/12/26
1537,1000538,电话,Y,2025/12/26
1538,1002180,短信,N,2025/12/26
1539,1001378,短信,Y,2025/12/26
1540,1002595,短信,Y,2025/12/26
1541,1001350,短信,Y,2025/12/26
1542,1001647,电话,Y,2025/12/26
1543,1000325,电话,Y,2025/12/26
1544,1000441,短信,Y,2025/12/26
1545,1000863,电话,Y,2025/12/26
1546,1002112,短信,Y,2025/12/26
1547,1002415,电话,Y,2025/12/26
1548,1002002,电话,Y,2025/12/26
1549,1000385,电话,Y,2025/12/26
1550,1000069,电话,Y,2025/12/26
1551,1002054,短信,Y,2025/12/26
1552,1000204,电话,Y,2025/12/26
1553,1000050,电话,Y,2025/12/26
1554,1002925,短信,Y,2025/12/26
1555,1001624,短信,Y,2025/12/26
1556,1002680,电话,Y,2025/12/26
1557,1002841,短信,Y,2025/12/26
1558,1001228,短信,Y,2025/12/26
1559,1001625,短信,Y,2025/12/26
1560,1002751,短信,Y,2025/12/26
1561,1001924,短信,Y,2025/12/26
1562,1001797,电话,Y,2025/12/26
1563,1001824,短信,Y,2025/12/26
1564,1000389,短信,Y,2025/12/26
1565,1002557,电话,Y,2025/12/26
1566,1001551,短信,Y,2025/12/26
1567,1002117,短信,Y,2025/12/26
1568,1001854,短信,Y,2025/12/26
1569,1002209,短信,Y,2025/12/26
1570,1001160,短信,Y,2025/12/26
1571,1002910,电话,Y,2025/12/26
1572,1000267,短信,Y,2025/12/27
1573,1002945,短信,Y,2025/12/27
1574,1000816,短信,Y,2025/12/27
1575,1001057,电话,Y,2025/12/27
1576,1002783,短信,Y,2025/12/27
1577,1002443,短信,N,2025/12/27
1578,1002094,短信,Y,2025/12/27
1579,1000732,短信,Y,2025/12/27
1580,1000125,短信,Y,2025/12/27
1581,1000445,电话,Y,2025/12/27
1582,1002001,短信,Y,2025/12/27
1583,1001661,短信,Y,2025/12/27
1584,1002421,短信,Y,2025/12/27
1585,1002230,短信,Y,2025/12/27
1586,1001195,短信,Y,2025/12/27
1587,1001699,电话,Y,2025/12/27
1588,1000950,电话,Y,2025/12/27
1589,1002445,短信,Y,2025/12/27
1590,1000934,短信,Y,2025/12/27
1591,1000426,电话,N,2025/12/27
1592,1002087,短信,Y,2025/12/27
1593,1000925,短信,Y,2025/12/27
1594,1002808,短信,N,2025/12/27
1595,1000755,短信,Y,2025/12/27
1596,1001192,短信,Y,2025/12/27
1597,1002359,电话,Y,2025/12/27
1598,1002200,电话,Y,2025/12/27
1599,1001307,短信,Y,2025/12/27
1600,1000933,短信,Y,2025/12/27
1601,1000440,电话,Y,2025/12/27
1602,1002327,电话,Y,2025/12/27
1603,1001695,短信,Y,2025/12/27
1604,1000740,电话,Y,2025/12/27
1605,1000138,短信,Y,2025/12/27
1606,1001839,短信,Y,2025/12/27
1607,1002782,电话,Y,2025/12/27
1608,1002553,短信,Y,2025/12/27
1609,1002437,电话,Y,2025/12/27
1610,1002014,短信,Y,2025/12/27
1611,1000938,短信,Y,2025/12/27
1612,1002424,电话,Y,2025/12/27
1613,1000205,短信,Y,2025/12/27
1614,1001566,短信,Y,2025/12/27
1615,1001760,短信,Y,2025/12/27
1616,1001718,电话,Y,2025/12/27
1617,1001115,短信,Y,2025/12/27
1618,1000057,短信,Y,2025/12/28
1619,1001761,短信,Y,2025/12/28
1620,1001477,电话,Y,2025/12/28
1621,1000551,短信,Y,2025/12/28
1622,1002177,短信,Y,2025/12/28
1623,1002821,电话,Y,2025/12/28
1624,1002568,电话,Y,2025/12/28
1625,1000258,短信,Y,2025/12/28
1626,1002693,电话,Y,2025/12/28
1627,1000246,电话,Y,2025/12/28
1628,1001350,短信,Y,2025/12/28
1629,1002415,电话,Y,2025/12/28
1630,1001736,电话,Y,2025/12/28
1631,1002750,电话,Y,2025/12/28
1632,1002483,电话,Y,2025/12/28
1633,1001201,短信,Y,2025/12/28
1634,1000987,电话,Y,2025/12/28
1635,1002536,电话,Y,2025/12/28
1636,1000199,短信,Y,2025/12/28
1637,1001538,电话,Y,2025/12/28
1638,1002448,短信,Y,2025/12/28
1639,1001895,电话,Y,2025/12/28
1640,1001041,电话,Y,2025/12/28
1641,1001815,短信,Y,2025/12/28
1642,1000722,短信,Y,2025/12/28
1643,1001657,电话,Y,2025/12/28
1644,1000657,电话,Y,2025/12/28
1645,1000354,短信,Y,2025/12/28
1646,1000389,电话,Y,2025/12/28
1647,1002555,短信,Y,2025/12/28
1648,1001573,短信,Y,2025/12/28
1649,1001635,电话,Y,2025/12/28
1650,1000402,短信,Y,2025/12/28
1651,1001037,电话,Y,2025/12/28
1652,1002079,短信,N,2025/12/28
1653,1001425,短信,Y,2025/12/28
1654,1001378,电话,Y,2025/12/28
1655,1000748,短信,N,2025/12/28
1656,1000581,短信,Y,2025/12/28
1657,1000948,短信,Y,2025/12/28
1658,1002798,电话,N,2025/12/28
1659,1002265,短信,Y,2025/12/28
1660,1001282,短信,Y,2025/12/28
1661,1001571,短信,Y,2025/12/28
1662,1001824,短信,Y,2025/12/28
1663,1001067,电话,Y,2025/12/28
1664,1001287,电话,Y,2025/12/28
1665,1001763,短信,Y,2025/12/28
1666,1000816,短信,Y,2025/12/28
1667,1001517,电话,Y,2025/12/28
1668,1002787,短信,Y,2025/12/28
1669,1000710,短信,Y,2025/12/28
1670,1000848,短信,Y,2025/12/28
1671,1001673,短信,Y,2025/12/28
